domain,label
site1558.com,legitimate
microsoft.co,legitimate
site668.com,legitimate
site1336.com,legitimate
site1635.com,legitimate
site901.com,legitimate
site639.com,legitimate
site1597.com,legitimate
site196.com,legitimate
site33.com,legitimate
site616.com,legitimate
site911.com,legitimate
site273.com,legitimate
site941.com,legitimate
site118.com,legitimate
site672.com,legitimate
site1529.com,legitimate
site692.com,legitimate
site85.com,legitimate
site427.com,legitimate
site1886.com,legitimate
site834.com,legitimate
site907.com,legitimate
site1068.com,legitimate
site1081.com,legitimate
site396.com,legitimate
site730.com,legitimate
site1656.com,legitimate
site245.com,legitimate
site1042.com,legitimate
site1682.com,legitimate
site1509.com,legitimate
site558.com,legitimate
site1411.com,legitimate
site879.com,legitimate
site445.com,legitimate
site1393.com,legitimate
site1342.com,legitimate
site424.com,legitimate
site734.com,legitimate
site1670.com,legitimate
site1731.com,legitimate
site1172.com,legitimate
site626.com,legitimate
site1550.com,legitimate
site745.com,legitimate
site1259.com,legitimate
site606.com,legitimate
site1363.com,legitimate
site179.com,legitimate
site504.com,legitimate
site590.com,legitimate
site1084.com,legitimate
site1420.com,legitimate
paypal.io,legitimate
site1821.com,legitimate
site1287.com,legitimate
site637.com,legitimate
site82.com,legitimate
site348.com,legitimate
site297.com,legitimate
site1014.com,legitimate
site757.com,legitimate
site1162.com,legitimate
site974.com,legitimate
site1222.com,legitimate
site1307.com,legitimate
site387.com,legitimate
site1505.com,legitimate
site1815.com,legitimate
apple.net,legitimate
site399.com,legitimate
site393.com,legitimate
site1318.com,legitimate
site1822.com,legitimate
site1400.com,legitimate
site285.com,legitimate
site587.com,legitimate
site289.com,legitimate
microsoft.io,legitimate
site710.com,legitimate
site638.com,legitimate
site1962.com,legitimate
site290.com,legitimate
site640.com,legitimate
site349.com,legitimate
site656.com,legitimate
site785.com,legitimate
site1209.com,legitimate
site1214.com,legitimate
site12.com,legitimate
site31.com,legitimate
site352.com,legitimate
site516.com,legitimate
site1049.com,legitimate
site1075.com,legitimate
site1724.com,legitimate
site80.com,legitimate
site994.com,legitimate
site339.com,legitimate
site1433.com,legitimate
site849.com,legitimate
site597.com,legitimate
site1667.com,legitimate
site1532.com,legitimate
site577.com,legitimate
site1859.com,legitimate
site502.com,legitimate
site394.com,legitimate
site773.com,legitimate
site1324.com,legitimate
site231.com,legitimate
site1039.com,legitimate
site275.com,legitimate
site1188.com,legitimate
site1348.com,legitimate
site1047.com,legitimate
site1223.com,legitimate
site1917.com,legitimate
site1941.com,legitimate
site1610.com,legitimate
site1284.com,legitimate
site258.com,legitimate
site517.com,legitimate
site794.com,legitimate
site928.com,legitimate
site1489.com,legitimate
site1512.com,legitimate
site1010.com,legitimate
site453.com,legitimate
site1177.com,legitimate
site497.com,legitimate
site1320.com,legitimate
site990.com,legitimate
site1885.com,legitimate
site319.com,legitimate
site1877.com,legitimate
site1892.com,legitimate
site299.com,legitimate
site1395.com,legitimate
site738.com,legitimate
site963.com,legitimate
site1660.com,legitimate
zoom.io,legitimate
site1969.com,legitimate
site1198.com,legitimate
site198.com,legitimate
site1008.com,legitimate
site78.com,legitimate
site1827.com,legitimate
site1304.com,legitimate
site1127.com,legitimate
site539.com,legitimate
site1504.com,legitimate
site1157.com,legitimate
site328.com,legitimate
site134.com,legitimate
site1816.com,legitimate
site1832.com,legitimate
site635.com,legitimate
site1870.com,legitimate
site917.com,legitimate
site269.com,legitimate
site919.com,legitimate
site1714.com,legitimate
site469.com,legitimate
site765.com,legitimate
site909.com,legitimate
salesforce.net,legitimate
site759.com,legitimate
site1207.com,legitimate
site35.com,legitimate
site772.com,legitimate
site1002.com,legitimate
site954.com,legitimate
site1948.com,legitimate
site944.com,legitimate
site1527.com,legitimate
site187.com,legitimate
site104.com,legitimate
site1950.com,legitimate
site388.com,legitimate
site335.com,legitimate
site386.com,legitimate
site688.com,legitimate
site1814.com,legitimate
site389.com,legitimate
site1843.com,legitimate
site479.com,legitimate
site1693.com,legitimate
site441.com,legitimate
site108.com,legitimate
stackoverflow.io,legitimate
site1456.com,legitimate
site748.com,legitimate
site1713.com,legitimate
site380.com,legitimate
site1826.com,legitimate
site995.com,legitimate
site38.com,legitimate
site693.com,legitimate
site979.com,legitimate
site1658.com,legitimate
site1552.com,legitimate
site1459.com,legitimate
site152.com,legitimate
spotify.org,legitimate
site815.com,legitimate
site1566.com,legitimate
site204.com,legitimate
site905.com,legitimate
site1132.com,legitimate
site1958.com,legitimate
site912.com,legitimate
site1247.com,legitimate
site496.com,legitimate
site935.com,legitimate
site370.com,legitimate
site120.com,legitimate
site1564.com,legitimate
site49.com,legitimate
site1862.com,legitimate
site1918.com,legitimate
site336.com,legitimate
site157.com,legitimate
site1136.com,legitimate
site1692.com,legitimate
site1097.com,legitimate
site1546.com,legitimate
site1936.com,legitimate
site1801.com,legitimate
site298.com,legitimate
site914.com,legitimate
site75.com,legitimate
site1880.com,legitimate
site1978.com,legitimate
site904.com,legitimate
site654.com,legitimate
site1981.com,legitimate
site1583.com,legitimate
site1072.com,legitimate
site174.com,legitimate
site992.com,legitimate
site1760.com,legitimate
site464.com,legitimate
site126.com,legitimate
site466.com,legitimate
site1017.com,legitimate
site1887.com,legitimate
site346.com,legitimate
site480.com,legitimate
site1056.com,legitimate
site970.com,legitimate
site540.com,legitimate
site585.com,legitimate
site814.com,legitimate
site920.com,legitimate
site1666.com,legitimate
site1190.com,legitimate
site1525.com,legitimate
site1727.com,legitimate
site1297.com,legitimate
site776.com,legitimate
site1315.com,legitimate
site1539.com,legitimate
site1518.com,legitimate
paypal.net,legitimate
site1659.com,legitimate
site48.com,legitimate
site614.com,legitimate
site1366.com,legitimate
site1988.com,legitimate
site807.com,legitimate
site1147.com,legitimate
site185.com,legitimate
site518.com,legitimate
site1260.com,legitimate
site658.com,legitimate
site181.com,legitimate
site1992.com,legitimate
site703.com,legitimate
site1970.com,legitimate
site1111.com,legitimate
site1933.com,legitimate
site24.com,legitimate
site373.com,legitimate
site455.com,legitimate
site1548.com,legitimate
site1245.com,legitimate
site1805.com,legitimate
site1921.com,legitimate
site325.com,legitimate
site971.com,legitimate
linkedin.com,legitimate
site1095.com,legitimate
site133.com,legitimate
site651.com,legitimate
site334.com,legitimate
site40.com,legitimate
site1194.com,legitimate
site1701.com,legitimate
site384.com,legitimate
site775.com,legitimate
site1030.com,legitimate
site619.com,legitimate
dropbox.co,legitimate
site512.com,legitimate
site644.com,legitimate
site1734.com,legitimate
site1984.com,legitimate
site1479.com,legitimate
site805.com,legitimate
site423.com,legitimate
site981.com,legitimate
site1413.com,legitimate
site972.com,legitimate
site116.com,legitimate
site1994.com,legitimate
site1463.com,legitimate
site967.com,legitimate
site46.com,legitimate
site1330.com,legitimate
site1091.com,legitimate
site1323.com,legitimate
site777.com,legitimate
reddit.co,legitimate
site1046.com,legitimate
site1784.com,legitimate
site1793.com,legitimate
site763.com,legitimate
site1062.com,legitimate
site1799.com,legitimate
site683.com,legitimate
site1452.com,legitimate
site1001.com,legitimate
site1879.com,legitimate
site1611.com,legitimate
site934.com,legitimate
site248.com,legitimate
site752.com,legitimate
site1195.com,legitimate
site641.com,legitimate
site770.com,legitimate
site530.com,legitimate
site1621.com,legitimate
site1371.com,legitimate
site1472.com,legitimate
site543.com,legitimate
site1372.com,legitimate
site1654.com,legitimate
site1012.com,legitimate
site1125.com,legitimate
site607.com,legitimate
site1594.com,legitimate
site881.com,legitimate
site1685.com,legitimate
site1235.com,legitimate
site450.com,legitimate
site1447.com,legitimate
site1650.com,legitimate
site856.com,legitimate
site1087.com,legitimate
site1283.com,legitimate
site729.com,legitimate
site986.com,legitimate
site135.com,legitimate
site1762.com,legitimate
site284.com,legitimate
site1854.com,legitimate
site732.com,legitimate
site701.com,legitimate
site1331.com,legitimate
site910.com,legitimate
site1652.com,legitimate
site507.com,legitimate
site241.com,legitimate
site379.com,legitimate
site533.com,legitimate
site555.com,legitimate
site1246.com,legitimate
site830.com,legitimate
site768.com,legitimate
site969.com,legitimate
site1737.com,legitimate
site810.com,legitimate
site943.com,legitimate
site1593.com,legitimate
site89.com,legitimate
site468.com,legitimate
site1649.com,legitimate
site1099.com,legitimate
site1544.com,legitimate
site1591.com,legitimate
site1464.com,legitimate
site1266.com,legitimate
site1212.com,legitimate
site1796.com,legitimate
site620.com,legitimate
site564.com,legitimate
site1661.com,legitimate
site713.com,legitimate
site1016.com,legitimate
site233.com,legitimate
site252.com,legitimate
site115.com,legitimate
site534.com,legitimate
site633.com,legitimate
site1874.com,legitimate
site1889.com,legitimate
site783.com,legitimate
site98.com,legitimate
site421.com,legitimate
site401.com,legitimate
site1913.com,legitimate
site354.com,legitimate
site650.com,legitimate
site1441.com,legitimate
site1715.com,legitimate
site489.com,legitimate
site1085.com,legitimate
site1468.com,legitimate
site667.com,legitimate
google.com,legitimate
site1409.com,legitimate
site780.com,legitimate
site1156.com,legitimate
site1488.com,legitimate
site39.com,legitimate
site1923.com,legitimate
site599.com,legitimate
site880.com,legitimate
site1836.com,legitimate
site416.com,legitimate
site621.com,legitimate
site575.com,legitimate
site1332.com,legitimate
site1105.com,legitimate
site1507.com,legitimate
site782.com,legitimate
dropbox.io,legitimate
site1476.com,legitimate
site1300.com,legitimate
site1486.com,legitimate
salesforce.io,legitimate
site242.com,legitimate
site690.com,legitimate
site960.com,legitimate
site459.com,legitimate
site398.com,legitimate
site1944.com,legitimate
site1903.com,legitimate
site1386.com,legitimate
site1995.com,legitimate
site902.com,legitimate
site737.com,legitimate
site1709.com,legitimate
adobe.org,legitimate
github.net,legitimate
site1831.com,legitimate
site1739.com,legitimate
site1005.com,legitimate
site1993.com,legitimate
twitter.io,legitimate
site1334.com,legitimate
site1503.com,legitimate
site412.com,legitimate
site1574.com,legitimate
site1024.com,legitimate
site784.com,legitimate
site1665.com,legitimate
site1166.com,legitimate
site182.com,legitimate
site1728.com,legitimate
site1844.com,legitimate
site369.com,legitimate
site1989.com,legitimate
site1561.com,legitimate
site1337.com,legitimate
salesforce.org,legitimate
site1375.com,legitimate
site1279.com,legitimate
site493.com,legitimate
site485.com,legitimate
site127.com,legitimate
site1210.com,legitimate
site268.com,legitimate
site1882.com,legitimate
site1726.com,legitimate
site1813.com,legitimate
site1101.com,legitimate
site1937.com,legitimate
site676.com,legitimate
site559.com,legitimate
site1857.com,legitimate
site1341.com,legitimate
site474.com,legitimate
site958.com,legitimate
site1953.com,legitimate
site1698.com,legitimate
site391.com,legitimate
site509.com,legitimate
site1699.com,legitimate
site809.com,legitimate
site1850.com,legitimate
site257.com,legitimate
site8.com,legitimate
site1911.com,legitimate
site669.com,legitimate
site511.com,legitimate
site1808.com,legitimate
site1673.com,legitimate
site1598.com,legitimate
site72.com,legitimate
site1316.com,legitimate
site744.com,legitimate
site1769.com,legitimate
site1788.com,legitimate
site1158.com,legitimate
site1233.com,legitimate
site1651.com,legitimate
site1006.com,legitimate
site177.com,legitimate
site100.com,legitimate
site1588.com,legitimate
site581.com,legitimate
site1007.com,legitimate
site378.com,legitimate
site1968.com,legitimate
site1733.com,legitimate
site1644.com,legitimate
site1131.com,legitimate
site1766.com,legitimate
site50.com,legitimate
site200.com,legitimate
site66.com,legitimate
site1935.com,legitimate
site1471.com,legitimate
site83.com,legitimate
site415.com,legitimate
site1982.com,legitimate
site1679.com,legitimate
site361.com,legitimate
site623.com,legitimate
site824.com,legitimate
paypal.org,legitimate
site605.com,legitimate
site1360.com,legitimate
site1487.com,legitimate
site554.com,legitimate
site1048.com,legitimate
site321.com,legitimate
site975.com,legitimate
site584.com,legitimate
site593.com,legitimate
site551.com,legitimate
site1100.com,legitimate
site20.com,legitimate
site980.com,legitimate
site778.com,legitimate
site950.com,legitimate
site1641.com,legitimate
site1622.com,legitimate
site859.com,legitimate
site937.com,legitimate
site625.com,legitimate
site1795.com,legitimate
site1211.com,legitimate
site1305.com,legitimate
site1750.com,legitimate
site19.com,legitimate
site1171.com,legitimate
site985.com,legitimate
site1976.com,legitimate
site34.com,legitimate
site10.com,legitimate
site1169.com,legitimate
site604.com,legitimate
site573.com,legitimate
site1893.com,legitimate
site764.com,legitimate
site1779.com,legitimate
site1094.com,legitimate
site675.com,legitimate
site844.com,legitimate
site201.com,legitimate
site1317.com,legitimate
site56.com,legitimate
site281.com,legitimate
site1838.com,legitimate
site347.com,legitimate
site1510.com,legitimate
site1244.com,legitimate
site1494.com,legitimate
site212.com,legitimate
site1687.com,legitimate
site1019.com,legitimate
site1565.com,legitimate
site1868.com,legitimate
site71.com,legitimate
site92.com,legitimate
site946.com,legitimate
site286.com,legitimate
netflix.net,legitimate
site591.com,legitimate
site1231.com,legitimate
site69.com,legitimate
site311.com,legitimate
site288.com,legitimate
site1460.com,legitimate
site109.com,legitimate
site1664.com,legitimate
site716.com,legitimate
site500.com,legitimate
site1708.com,legitimate
site648.com,legitimate
site1382.com,legitimate
site1686.com,legitimate
site76.com,legitimate
site203.com,legitimate
site863.com,legitimate
site253.com,legitimate
site1922.com,legitimate
site27.com,legitimate
site792.com,legitimate
site1979.com,legitimate
site1833.com,legitimate
site801.com,legitimate
facebook.io,legitimate
bing.org,legitimate
site576.com,legitimate
site164.com,legitimate
site827.com,legitimate
site1626.com,legitimate
site1029.com,legitimate
site1206.com,legitimate
site929.com,legitimate
site1071.com,legitimate
site1446.com,legitimate
site86.com,legitimate
site307.com,legitimate
site1370.com,legitimate
site1780.com,legitimate
site1983.com,legitimate
site278.com,legitimate
site1551.com,legitimate
site1712.com,legitimate
site1531.com,legitimate
site465.com,legitimate
site1901.com,legitimate
site1119.com,legitimate
site471.com,legitimate
site1165.com,legitimate
site684.com,legitimate
site579.com,legitimate
site1325.com,legitimate
site964.com,legitimate
site952.com,legitimate
site821.com,legitimate
site661.com,legitimate
site698.com,legitimate
site837.com,legitimate
site390.com,legitimate
site949.com,legitimate
site1694.com,legitimate
site1906.com,legitimate
site1444.com,legitimate
amazon.co,legitimate
dropbox.org,legitimate
site848.com,legitimate
site1501.com,legitimate
site915.com,legitimate
site428.com,legitimate
site799.com,legitimate
site663.com,legitimate
site535.com,legitimate
site1942.com,legitimate
site826.com,legitimate
site87.com,legitimate
site1589.com,legitimate
site1270.com,legitimate
site1718.com,legitimate
site318.com,legitimate
site1742.com,legitimate
site1120.com,legitimate
site989.com,legitimate
twitter.com,legitimate
site1218.com,legitimate
site1379.com,legitimate
site1748.com,legitimate
site1957.com,legitimate
site122.com,legitimate
site548.com,legitimate
site1170.com,legitimate
site1721.com,legitimate
site1079.com,legitimate
site1812.com,legitimate
site1467.com,legitimate
site897.com,legitimate
site1155.com,legitimate
site1560.com,legitimate
site1569.com,legitimate
site1383.com,legitimate
salesforce.co,legitimate
site188.com,legitimate
site216.com,legitimate
adobe.net,legitimate
site315.com,legitimate
site678.com,legitimate
site1277.com,legitimate
site342.com,legitimate
site1148.com,legitimate
site1414.com,legitimate
site1590.com,legitimate
site885.com,legitimate
site1428.com,legitimate
site1455.com,legitimate
reddit.org,legitimate
site1677.com,legitimate
site1878.com,legitimate
site475.com,legitimate
site1248.com,legitimate
site220.com,legitimate
site402.com,legitimate
site1929.com,legitimate
site371.com,legitimate
site1089.com,legitimate
site1179.com,legitimate
bing.io,legitimate
site1914.com,legitimate
site1328.com,legitimate
site1495.com,legitimate
site1600.com,legitimate
site1112.com,legitimate
site1615.com,legitimate
site875.com,legitimate
site1242.com,legitimate
site1759.com,legitimate
site1606.com,legitimate
site1971.com,legitimate
site1118.com,legitimate
site1053.com,legitimate
site1991.com,legitimate
site1858.com,legitimate
site887.com,legitimate
site1069.com,legitimate
site1264.com,legitimate
site1919.com,legitimate
site189.com,legitimate
site1806.com,legitimate
apple.org,legitimate
site235.com,legitimate
site1208.com,legitimate
site1106.com,legitimate
site6.com,legitimate
bing.com,legitimate
site172.com,legitimate
site313.com,legitimate
site987.com,legitimate
site260.com,legitimate
site706.com,legitimate
site1138.com,legitimate
site1028.com,legitimate
site1009.com,legitimate
site1506.com,legitimate
site1675.com,legitimate
site1636.com,legitimate
site795.com,legitimate
site680.com,legitimate
site13.com,legitimate
site1540.com,legitimate
site1747.com,legitimate
site330.com,legitimate
site609.com,legitimate
site366.com,legitimate
site797.com,legitimate
site541.com,legitimate
amazon.io,legitimate
site372.com,legitimate
site1022.com,legitimate
site1717.com,legitimate
site192.com,legitimate
site1576.com,legitimate
site1020.com,legitimate
site659.com,legitimate
site677.com,legitimate
adobe.com,legitimate
site1306.com,legitimate
site1722.com,legitimate
site1285.com,legitimate
twitter.org,legitimate
site244.com,legitimate
site436.com,legitimate
netflix.co,legitimate
site119.com,legitimate
site1570.com,legitimate
site1609.com,legitimate
site1481.com,legitimate
site434.com,legitimate
site1876.com,legitimate
site477.com,legitimate
site219.com,legitimate
instagram.co,legitimate
site1353.com,legitimate
site310.com,legitimate
site1335.com,legitimate
site1449.com,legitimate
site1614.com,legitimate
site774.com,legitimate
site825.com,legitimate
yahoo.co,legitimate
site234.com,legitimate
site1470.com,legitimate
site1582.com,legitimate
site877.com,legitimate
site664.com,legitimate
site111.com,legitimate
site1180.com,legitimate
site1631.com,legitimate
site1145.com,legitimate
site546.com,legitimate
site1674.com,legitimate
site1137.com,legitimate
site1109.com,legitimate
site998.com,legitimate
site482.com,legitimate
site473.com,legitimate
site751.com,legitimate
site1706.com,legitimate
site1786.com,legitimate
site828.com,legitimate
site890.com,legitimate
site44.com,legitimate
site1804.com,legitimate
site340.com,legitimate
site1485.com,legitimate
site1139.com,legitimate
site708.com,legitimate
site832.com,legitimate
site569.com,legitimate
site1035.com,legitimate
site1820.com,legitimate
site1183.com,legitimate
site413.com,legitimate
site163.com,legitimate
site1765.com,legitimate
site1497.com,legitimate
site1250.com,legitimate
site377.com,legitimate
stackoverflow.org,legitimate
site1040.com,legitimate
site292.com,legitimate
site542.com,legitimate
site968.com,legitimate
site145.com,legitimate
site519.com,legitimate
spotify.com,legitimate
site1288.com,legitimate
site1483.com,legitimate
site921.com,legitimate
site1436.com,legitimate
site1749.com,legitimate
site707.com,legitimate
site1088.com,legitimate
dropbox.com,legitimate
site356.com,legitimate
site141.com,legitimate
site722.com,legitimate
site454.com,legitimate
site1098.com,legitimate
site1387.com,legitimate
site228.com,legitimate
site1523.com,legitimate
site1533.com,legitimate
site207.com,legitimate
site1290.com,legitimate
site58.com,legitimate
site1343.com,legitimate
site965.com,legitimate
site1772.com,legitimate
site874.com,legitimate
site878.com,legitimate
site1044.com,legitimate
site1151.com,legitimate
github.org,legitimate
site1719.com,legitimate
site113.com,legitimate
site1541.com,legitimate
site1662.com,legitimate
site1128.com,legitimate
site1975.com,legitimate
site1607.com,legitimate
site1160.com,legitimate
site121.com,legitimate
site266.com,legitimate
site1543.com,legitimate
site867.com,legitimate
site1705.com,legitimate
site1751.com,legitimate
stackoverflow.com,legitimate
site574.com,legitimate
site481.com,legitimate
site1767.com,legitimate
site451.com,legitimate
site1038.com,legitimate
site316.com,legitimate
site81.com,legitimate
site749.com,legitimate
site1213.com,legitimate
site1875.com,legitimate
site1920.com,legitimate
site167.com,legitimate
site341.com,legitimate
site847.com,legitimate
site106.com,legitimate
site1015.com,legitimate
site359.com,legitimate
site67.com,legitimate
site1790.com,legitimate
site1043.com,legitimate
site1272.com,legitimate
site368.com,legitimate
site1185.com,legitimate
site1671.com,legitimate
site1302.com,legitimate
site808.com,legitimate
site1867.com,legitimate
site1299.com,legitimate
site1916.com,legitimate
zoom.org,legitimate
site439.com,legitimate
site364.com,legitimate
site420.com,legitimate
site1848.com,legitimate
site1258.com,legitimate
site1430.com,legitimate
site1026.com,legitimate
site45.com,legitimate
site1490.com,legitimate
site54.com,legitimate
site740.com,legitimate
site1907.com,legitimate
site1432.com,legitimate
site1200.com,legitimate
site602.com,legitimate
site515.com,legitimate
site582.com,legitimate
site725.com,legitimate
site1604.com,legitimate
site1397.com,legitimate
site1732.com,legitimate
site287.com,legitimate
site603.com,legitimate
site1725.com,legitimate
site1851.com,legitimate
site99.com,legitimate
site1757.com,legitimate
site1033.com,legitimate
site1474.com,legitimate
site363.com,legitimate
site230.com,legitimate
site227.com,legitimate
site959.com,legitimate
site1063.com,legitimate
netflix.org,legitimate
site93.com,legitimate
site430.com,legitimate
site1909.com,legitimate
site1274.com,legitimate
site1932.com,legitimate
site29.com,legitimate
site843.com,legitimate
site1269.com,legitimate
site1684.com,legitimate
site1810.com,legitimate
site886.com,legitimate
site977.com,legitimate
site1286.com,legitimate
site129.com,legitimate
site791.com,legitimate
site1841.com,legitimate
site3.com,legitimate
site652.com,legitimate
site437.com,legitimate
site719.com,legitimate
site1633.com,legitimate
site723.com,legitimate
site1563.com,legitimate
site1344.com,legitimate
site1429.com,legitimate
site1126.com,legitimate
site1226.com,legitimate
site476.com,legitimate
site165.com,legitimate
site142.com,legitimate
site1890.com,legitimate
site812.com,legitimate
site1150.com,legitimate
site1998.com,legitimate
site1390.com,legitimate
site160.com,legitimate
site1798.com,legitimate
instagram.io,legitimate
site993.com,legitimate
site132.com,legitimate
site1491.com,legitimate
site1974.com,legitimate
site1800.com,legitimate
site1794.com,legitimate
site323.com,legitimate
site1310.com,legitimate
site1475.com,legitimate
site1346.com,legitimate
site755.com,legitimate
site53.com,legitimate
site267.com,legitimate
site700.com,legitimate
site913.com,legitimate
site900.com,legitimate
site374.com,legitimate
site1669.com,legitimate
site1891.com,legitimate
site1866.com,legitimate
site724.com,legitimate
site1216.com,legitimate
site697.com,legitimate
site117.com,legitimate
site524.com,legitimate
site978.com,legitimate
site1356.com,legitimate
twitter.co,legitimate
site249.com,legitimate
site175.com,legitimate
site1345.com,legitimate
site506.com,legitimate
site1770.com,legitimate
site55.com,legitimate
site432.com,legitimate
site358.com,legitimate
site221.com,legitimate
site1908.com,legitimate
site1238.com,legitimate
site628.com,legitimate
site895.com,legitimate
site1955.com,legitimate
site1741.com,legitimate
site1401.com,legitimate
site1424.com,legitimate
site1947.com,legitimate
site839.com,legitimate
site936.com,legitimate
site1951.com,legitimate
stackoverflow.net,legitimate
site1756.com,legitimate
site1092.com,legitimate
site1384.com,legitimate
site1781.com,legitimate
site1568.com,legitimate
site1405.com,legitimate
netflix.com,legitimate
site1586.com,legitimate
site803.com,legitimate
site1743.com,legitimate
twitter.net,legitimate
site1114.com,legitimate
site146.com,legitimate
site632.com,legitimate
apple.io,legitimate
site208.com,legitimate
site1153.com,legitimate
site483.com,legitimate
site766.com,legitimate
site882.com,legitimate
site1369.com,legitimate
site263.com,legitimate
site1439.com,legitimate
site1402.com,legitimate
site7.com,legitimate
site1926.com,legitimate
site357.com,legitimate
site60.com,legitimate
site686.com,legitimate
site206.com,legitimate
site314.com,legitimate
site1898.com,legitimate
linkedin.net,legitimate
site721.com,legitimate
site1154.com,legitimate
site611.com,legitimate
site1357.com,legitimate
site457.com,legitimate
site615.com,legitimate
site1421.com,legitimate
site1396.com,legitimate
site173.com,legitimate
site301.com,legitimate
site589.com,legitimate
site1011.com,legitimate
site1482.com,legitimate
site1082.com,legitimate
site1723.com,legitimate
site1278.com,legitimate
site1883.com,legitimate
site1168.com,legitimate
site1575.com,legitimate
site733.com,legitimate
site1542.com,legitimate
site74.com,legitimate
site333.com,legitimate
site1584.com,legitimate
site1688.com,legitimate
site1078.com,legitimate
site411.com,legitimate
site1738.com,legitimate
site1634.com,legitimate
site1839.com,legitimate
site1791.com,legitimate
site1616.com,legitimate
instagram.net,legitimate
site918.com,legitimate
site1423.com,legitimate
site1966.com,legitimate
site1915.com,legitimate
site1577.com,legitimate
site536.com,legitimate
site1761.com,legitimate
site1930.com,legitimate
amazon.com,legitimate
site1752.com,legitimate
site215.com,legitimate
site1399.com,legitimate
site714.com,legitimate
site1077.com,legitimate
site823.com,legitimate
site630.com,legitimate
site861.com,legitimate
site1243.com,legitimate
site1522.com,legitimate
site617.com,legitimate
site930.com,legitimate
site871.com,legitimate
site1545.com,legitimate
site458.com,legitimate
site1199.com,legitimate
site1228.com,legitimate
site1103.com,legitimate
site1159.com,legitimate
site1340.com,legitimate
site704.com,legitimate
site1273.com,legitimate
site36.com,legitimate
site30.com,legitimate
site1326.com,legitimate
site1824.com,legitimate
site1358.com,legitimate
site1736.com,legitimate
site1653.com,legitimate
site1308.com,legitimate
site1884.com,legitimate
site1683.com,legitimate
site1173.com,legitimate
site140.com,legitimate
instagram.org,legitimate
site1807.com,legitimate
site440.com,legitimate
site1197.com,legitimate
site1946.com,legitimate
site1720.com,legitimate
site1696.com,legitimate
site1191.com,legitimate
site148.com,legitimate
site462.com,legitimate
site948.com,legitimate
site1499.com,legitimate
site894.com,legitimate
site199.com,legitimate
site407.com,legitimate
site94.com,legitimate
site727.com,legitimate
site1291.com,legitimate
site283.com,legitimate
site376.com,legitimate
site1478.com,legitimate
site957.com,legitimate
site924.com,legitimate
yahoo.com,legitimate
site1897.com,legitimate
site804.com,legitimate
site1427.com,legitimate
site362.com,legitimate
site222.com,legitimate
site1167.com,legitimate
site1797.com,legitimate
site1959.com,legitimate
site1220.com,legitimate
site870.com,legitimate
site1776.com,legitimate
site790.com,legitimate
site771.com,legitimate
site1730.com,legitimate
site1249.com,legitimate
site665.com,legitimate
dropbox.net,legitimate
site1076.com,legitimate
site25.com,legitimate
site161.com,legitimate
zoom.co,legitimate
site1484.com,legitimate
site128.com,legitimate
site750.com,legitimate
site1520.com,legitimate
site1312.com,legitimate
site239.com,legitimate
site942.com,legitimate
site1691.com,legitimate
site1521.com,legitimate
site711.com,legitimate
site1466.com,legitimate
site1618.com,legitimate
site842.com,legitimate
site26.com,legitimate
site903.com,legitimate
site973.com,legitimate
facebook.co,legitimate
bing.co,legitimate
site1567.com,legitimate
site77.com,legitimate
site355.com,legitimate
site838.com,legitimate
site1860.com,legitimate
site1394.com,legitimate
site1603.com,legitimate
site565.com,legitimate
site1785.com,legitimate
site395.com,legitimate
site1123.com,legitimate
site681.com,legitimate
site22.com,legitimate
site262.com,legitimate
site1792.com,legitimate
site1013.com,legitimate
site660.com,legitimate
site296.com,legitimate
site1608.com,legitimate
site367.com,legitimate
site1313.com,legitimate
site1322.com,legitimate
site1338.com,legitimate
site547.com,legitimate
site1237.com,legitimate
site308.com,legitimate
site418.com,legitimate
site1511.com,legitimate
site110.com,legitimate
site272.com,legitimate
site259.com,legitimate
site538.com,legitimate
site1301.com,legitimate
site689.com,legitimate
site1924.com,legitimate
site1295.com,legitimate
site274.com,legitimate
site193.com,legitimate
site853.com,legitimate
site1954.com,legitimate
site1388.com,legitimate
site1774.com,legitimate
site1881.com,legitimate
site761.com,legitimate
site1115.com,legitimate
site226.com,legitimate
site1469.com,legitimate
site1952.com,legitimate
site487.com,legitimate
site1045.com,legitimate
site1624.com,legitimate
spotify.co,legitimate
site510.com,legitimate
site1643.com,legitimate
github.co,legitimate
site32.com,legitimate
site717.com,legitimate
site618.com,legitimate
site932.com,legitimate
site568.com,legitimate
site674.com,legitimate
site1939.com,legitimate
site1579.com,legitimate
site1630.com,legitimate
site520.com,legitimate
site1528.com,legitimate
site1418.com,legitimate
site155.com,legitimate
apple.co,legitimate
site1425.com,legitimate
site1534.com,legitimate
site320.com,legitimate
site202.com,legitimate
site210.com,legitimate
site1292.com,legitimate
site1987.com,legitimate
site1037.com,legitimate
site205.com,legitimate
site1861.com,legitimate
site662.com,legitimate
site1496.com,legitimate
site898.com,legitimate
site1268.com,legitimate
site381.com,legitimate
site184.com,legitimate
site1764.com,legitimate
site1519.com,legitimate
site889.com,legitimate
site1554.com,legitimate
site1255.com,legitimate
site549.com,legitimate
site1535.com,legitimate
site1556.com,legitimate
site1990.com,legitimate
site653.com,legitimate
spotify.net,legitimate
site705.com,legitimate
site15.com,legitimate
site1538.com,legitimate
site955.com,legitimate
site1638.com,legitimate
site452.com,legitimate
site1872.com,legitimate
site168.com,legitimate
site433.com,legitimate
site1864.com,legitimate
site1142.com,legitimate
site186.com,legitimate
site1555.com,legitimate
site1253.com,legitimate
microsoft.com,legitimate
site988.com,legitimate
site1254.com,legitimate
site1629.com,legitimate
site561.com,legitimate
site741.com,legitimate
site578.com,legitimate
site715.com,legitimate
site114.com,legitimate
site1309.com,legitimate
site1215.com,legitimate
salesforce.com,legitimate
site712.com,legitimate
reddit.net,legitimate
site213.com,legitimate
site1219.com,legitimate
site1385.com,legitimate
site813.com,legitimate
site1811.com,legitimate
site488.com,legitimate
site556.com,legitimate
site796.com,legitimate
site491.com,legitimate
site580.com,legitimate
site1184.com,legitimate
github.com,legitimate
site1280.com,legitimate
site306.com,legitimate
site1265.com,legitimate
site1303.com,legitimate
site1559.com,legitimate
site495.com,legitimate
site1553.com,legitimate
adobe.co,legitimate
site1595.com,legitimate
site1549.com,legitimate
site1492.com,legitimate
site997.com,legitimate
site1465.com,legitimate
site1754.com,legitimate
site1355.com,legitimate
site1256.com,legitimate
site1817.com,legitimate
site178.com,legitimate
site503.com,legitimate
site513.com,legitimate
site1458.com,legitimate
site1121.com,legitimate
site1083.com,legitimate
site1956.com,legitimate
site1963.com,legitimate
site1408.com,legitimate
site183.com,legitimate
site130.com,legitimate
site884.com,legitimate
site1775.com,legitimate
site1480.com,legitimate
site769.com,legitimate
site822.com,legitimate
site37.com,legitimate
site962.com,legitimate
site344.com,legitimate
site1161.com,legitimate
site1431.com,legitimate
site522.com,legitimate
site1054.com,legitimate
site1066.com,legitimate
site1819.com,legitimate
site1894.com,legitimate
site1980.com,legitimate
site566.com,legitimate
site1419.com,legitimate
site1361.com,legitimate
site758.com,legitimate
site1380.com,legitimate
site1613.com,legitimate
site816.com,legitimate
site862.com,legitimate
site1086.com,legitimate
site1240.com,legitimate
site57.com,legitimate
site1840.com,legitimate
site817.com,legitimate
site1782.com,legitimate
site1362.com,legitimate
site343.com,legitimate
site634.com,legitimate
site61.com,legitimate
site627.com,legitimate
site88.com,legitimate
site302.com,legitimate
site1196.com,legitimate
site419.com,legitimate
site1967.com,legitimate
site312.com,legitimate
site443.com,legitimate
site1573.com,legitimate
site1102.com,legitimate
site1.com,legitimate
site360.com,legitimate
site657.com,legitimate
site1365.com,legitimate
site1943.com,legitimate
site96.com,legitimate
site1374.com,legitimate
site158.com,legitimate
site836.com,legitimate
site484.com,legitimate
site327.com,legitimate
site1536.com,legitimate
site1514.com,legitimate
site731.com,legitimate
site1422.com,legitimate
site1434.com,legitimate
site408.com,legitimate
site303.com,legitimate
site1771.com,legitimate
site866.com,legitimate
site1333.com,legitimate
site95.com,legitimate
site1221.com,legitimate
site1377.com,legitimate
site1676.com,legitimate
site435.com,legitimate
site1023.com,legitimate
site537.com,legitimate
site1899.com,legitimate
site326.com,legitimate
site532.com,legitimate
site1802.com,legitimate
site1124.com,legitimate
site858.com,legitimate
site1515.com,legitimate
site17.com,legitimate
site613.com,legitimate
site696.com,legitimate
site270.com,legitimate
site841.com,legitimate
site276.com,legitimate
site91.com,legitimate
site4.com,legitimate
site375.com,legitimate
site309.com,legitimate
site939.com,legitimate
site470.com,legitimate
site846.com,legitimate
site865.com,legitimate
site1823.com,legitimate
site1461.com,legitimate
site42.com,legitimate
site1702.com,legitimate
site1036.com,legitimate
microsoft.net,legitimate
site1239.com,legitimate
site1905.com,legitimate
site138.com,legitimate
site598.com,legitimate
yahoo.org,legitimate
site560.com,legitimate
site1051.com,legitimate
site1828.com,legitimate
site139.com,legitimate
site211.com,legitimate
site64.com,legitimate
site833.com,legitimate
site382.com,legitimate
site125.com,legitimate
site1352.com,legitimate
site1416.com,legitimate
site1627.com,legitimate
site1689.com,legitimate
site431.com,legitimate
site170.com,legitimate
site97.com,legitimate
stackoverflow.co,legitimate
site544.com,legitimate
site610.com,legitimate
site1117.com,legitimate
site926.com,legitimate
site1729.com,legitimate
site525.com,legitimate
site1585.com,legitimate
site304.com,legitimate
site1381.com,legitimate
site478.com,legitimate
site820.com,legitimate
site1526.com,legitimate
site317.com,legitimate
site631.com,legitimate
site293.com,legitimate
site404.com,legitimate
site908.com,legitimate
site1830.com,legitimate
site1261.com,legitimate
site956.com,legitimate
site73.com,legitimate
site612.com,legitimate
site1178.com,legitimate
site1376.com,legitimate
site695.com,legitimate
site789.com,legitimate
site1803.com,legitimate
site1972.com,legitimate
site365.com,legitimate
apple.com,legitimate
site255.com,legitimate
site101.com,legitimate
site694.com,legitimate
site872.com,legitimate
site1373.com,legitimate
site1192.com,legitimate
site1271.com,legitimate
site68.com,legitimate
site1462.com,legitimate
site798.com,legitimate
reddit.com,legitimate
site1134.com,legitimate
site1637.com,legitimate
site47.com,legitimate
site899.com,legitimate
site463.com,legitimate
site1562.com,legitimate
site191.com,legitimate
site1298.com,legitimate
site238.com,legitimate
site1663.com,legitimate
site726.com,legitimate
site151.com,legitimate
site329.com,legitimate
site781.com,legitimate
site1745.com,legitimate
site1530.com,legitimate
site1912.com,legitimate
site1625.com,legitimate
site1319.com,legitimate
site11.com,legitimate
site570.com,legitimate
site508.com,legitimate
reddit.io,legitimate
site1672.com,legitimate
site976.com,legitimate
site702.com,legitimate
site251.com,legitimate
site927.com,legitimate
site1004.com,legitimate
site1945.com,legitimate
site1193.com,legitimate
google.net,legitimate
site553.com,legitimate
site331.com,legitimate
site1031.com,legitimate
site1205.com,legitimate
site991.com,legitimate
site1740.com,legitimate
site447.com,legitimate
site300.com,legitimate
site850.com,legitimate
site1846.com,legitimate
site153.com,legitimate
site728.com,legitimate
site1060.com,legitimate
site237.com,legitimate
site162.com,legitimate
site996.com,legitimate
google.io,legitimate
site156.com,legitimate
site1296.com,legitimate
facebook.net,legitimate
site1513.com,legitimate
site666.com,legitimate
site835.com,legitimate
site1182.com,legitimate
site1856.com,legitimate
site1825.com,legitimate
facebook.org,legitimate
site1448.com,legitimate
site5.com,legitimate
site800.com,legitimate
site622.com,legitimate
site643.com,legitimate
site1763.com,legitimate
site1707.com,legitimate
site18.com,legitimate
site1351.com,legitimate
site409.com,legitimate
site720.com,legitimate
site951.com,legitimate
site1135.com,legitimate
site1152.com,legitimate
site1855.com,legitimate
site1021.com,legitimate
site1003.com,legitimate
site860.com,legitimate
site197.com,legitimate
site438.com,legitimate
yahoo.io,legitimate
site79.com,legitimate
site1289.com,legitimate
site1700.com,legitimate
site1642.com,legitimate
site588.com,legitimate
site280.com,legitimate
site1927.com,legitimate
site1113.com,legitimate
site403.com,legitimate
site147.com,legitimate
site105.com,legitimate
site176.com,legitimate
site679.com,legitimate
site1415.com,legitimate
site736.com,legitimate
site892.com,legitimate
site527.com,legitimate
site338.com,legitimate
site567.com,legitimate
site811.com,legitimate
site1599.com,legitimate
site1410.com,legitimate
site232.com,legitimate
site1704.com,legitimate
site1977.com,legitimate
site691.com,legitimate
site1329.com,legitimate
site594.com,legitimate
site499.com,legitimate
site529.com,legitimate
site1025.com,legitimate
site1454.com,legitimate
site107.com,legitimate
site845.com,legitimate
site1018.com,legitimate
site426.com,legitimate
site1865.com,legitimate
yahoo.net,legitimate
site1928.com,legitimate
site1104.com,legitimate
site596.com,legitimate
site422.com,legitimate
site1339.com,legitimate
site984.com,legitimate
site337.com,legitimate
site0.com,legitimate
adobe.io,legitimate
paypal.co,legitimate
site136.com,legitimate
site855.com,legitimate
site1067.com,legitimate
site1938.com,legitimate
zoom.net,legitimate
site1251.com,legitimate
site1818.com,legitimate
site649.com,legitimate
site1090.com,legitimate
site1116.com,legitimate
site947.com,legitimate
site456.com,legitimate
site852.com,legitimate
site169.com,legitimate
site149.com,legitimate
site864.com,legitimate
site1181.com,legitimate
site243.com,legitimate
site1257.com,legitimate
site592.com,legitimate
site385.com,legitimate
site1940.com,legitimate
site1768.com,legitimate
site271.com,legitimate
site444.com,legitimate
site460.com,legitimate
site873.com,legitimate
site806.com,legitimate
site400.com,legitimate
site1070.com,legitimate
site1074.com,legitimate
site1502.com,legitimate
site1236.com,legitimate
site1143.com,legitimate
site1925.com,legitimate
site742.com,legitimate
site295.com,legitimate
site1869.com,legitimate
site9.com,legitimate
site1778.com,legitimate
site788.com,legitimate
site446.com,legitimate
site1368.com,legitimate
site888.com,legitimate
site1350.com,legitimate
site1758.com,legitimate
site1453.com,legitimate
site869.com,legitimate
site1581.com,legitimate
site1632.com,legitimate
site940.com,legitimate
site1587.com,legitimate
site103.com,legitimate
site563.com,legitimate
site1406.com,legitimate
site1710.com,legitimate
site1711.com,legitimate
site1620.com,legitimate
site642.com,legitimate
site1164.com,legitimate
site1217.com,legitimate
site1964.com,legitimate
netflix.io,legitimate
site1753.com,legitimate
site1647.com,legitimate
site1107.com,legitimate
site1809.com,legitimate
site1034.com,legitimate
site1149.com,legitimate
site802.com,legitimate
site756.com,legitimate
site247.com,legitimate
site1435.com,legitimate
site1716.com,legitimate
site1064.com,legitimate
site1130.com,legitimate
site166.com,legitimate
site218.com,legitimate
site461.com,legitimate
site645.com,legitimate
spotify.io,legitimate
site137.com,legitimate
site224.com,legitimate
site1690.com,legitimate
zoom.com,legitimate
site498.com,legitimate
site1354.com,legitimate
site1438.com,legitimate
site916.com,legitimate
site1032.com,legitimate
site636.com,legitimate
site1873.com,legitimate
site673.com,legitimate
site1163.com,legitimate
site1744.com,legitimate
site265.com,legitimate
site405.com,legitimate
site1645.com,legitimate
site124.com,legitimate
site1655.com,legitimate
site1443.com,legitimate
site324.com,legitimate
site1949.com,legitimate
site1050.com,legitimate
site70.com,legitimate
site1896.com,legitimate
site1986.com,legitimate
site1592.com,legitimate
site601.com,legitimate
site1842.com,legitimate
site557.com,legitimate
site938.com,legitimate
site739.com,legitimate
site159.com,legitimate
site59.com,legitimate
site1849.com,legitimate
site545.com,legitimate
site51.com,legitimate
site961.com,legitimate
site531.com,legitimate
site1973.com,legitimate
site876.com,legitimate
site1835.com,legitimate
google.co,legitimate
site753.com,legitimate
site1965.com,legitimate
site1902.com,legitimate
site353.com,legitimate
site143.com,legitimate
site1477.com,legitimate
instagram.com,legitimate
github.io,legitimate
site854.com,legitimate
site1203.com,legitimate
site1412.com,legitimate
site1829.com,legitimate
site261.com,legitimate
site123.com,legitimate
facebook.com,legitimate
site1229.com,legitimate
site16.com,legitimate
site1073.com,legitimate
site779.com,legitimate
site1041.com,legitimate
site685.com,legitimate
site171.com,legitimate
site1225.com,legitimate
site931.com,legitimate
site1646.com,legitimate
site28.com,legitimate
site1580.com,legitimate
site246.com,legitimate
bing.net,legitimate
site829.com,legitimate
site1628.com,legitimate
site1612.com,legitimate
site1900.com,legitimate
site1065.com,legitimate
site1960.com,legitimate
site225.com,legitimate
site1314.com,legitimate
site1227.com,legitimate
site1783.com,legitimate
site1349.com,legitimate
site1027.com,legitimate
site787.com,legitimate
site1093.com,legitimate
site1096.com,legitimate
site1122.com,legitimate
site1140.com,legitimate
site523.com,legitimate
site383.com,legitimate
site655.com,legitimate
site209.com,legitimate
site1080.com,legitimate
site1931.com,legitimate
site945.com,legitimate
site63.com,legitimate
site350.com,legitimate
site793.com,legitimate
site1055.com,legitimate
site671.com,legitimate
site893.com,legitimate
site552.com,legitimate
site1996.com,legitimate
site571.com,legitimate
site521.com,legitimate
site670.com,legitimate
site1746.com,legitimate
site1605.com,legitimate
site857.com,legitimate
site1241.com,legitimate
site514.com,legitimate
site1202.com,legitimate
site1378.com,legitimate
site818.com,legitimate
site923.com,legitimate
site223.com,legitimate
site1057.com,legitimate
site1837.com,legitimate
site629.com,legitimate
site1174.com,legitimate
site906.com,legitimate
site322.com,legitimate
site550.com,legitimate
site1755.com,legitimate
site65.com,legitimate
site1440.com,legitimate
site1189.com,legitimate
site1311.com,legitimate
site190.com,legitimate
site332.com,legitimate
site41.com,legitimate
site194.com,legitimate
site429.com,legitimate
site1871.com,legitimate
site240.com,legitimate
site746.com,legitimate
site1437.com,legitimate
site528.com,legitimate
site1457.com,legitimate
site279.com,legitimate
site1359.com,legitimate
site983.com,legitimate
site1834.com,legitimate
site1175.com,legitimate
site922.com,legitimate
site1052.com,legitimate
site754.com,legitimate
site1640.com,legitimate
site608.com,legitimate
site891.com,legitimate
site583.com,legitimate
site1442.com,legitimate
site1364.com,legitimate
site1703.com,legitimate
site1777.com,legitimate
site150.com,legitimate
site1997.com,legitimate
site1863.com,legitimate
site21.com,legitimate
site1417.com,legitimate
site1321.com,legitimate
site1852.com,legitimate
site417.com,legitimate
site1557.com,legitimate
site1596.com,legitimate
linkedin.io,legitimate
site1267.com,legitimate
site1537.com,legitimate
site1571.com,legitimate
site1572.com,legitimate
site1294.com,legitimate
site572.com,legitimate
site414.com,legitimate
site1617.com,legitimate
site1773.com,legitimate
site760.com,legitimate
site1985.com,legitimate
site896.com,legitimate
site62.com,legitimate
site1059.com,legitimate
site264.com,legitimate
site762.com,legitimate
site1517.com,legitimate
site786.com,legitimate
site1697.com,legitimate
site486.com,legitimate
site586.com,legitimate
site448.com,legitimate
site1639.com,legitimate
site1262.com,legitimate
site1282.com,legitimate
site1500.com,legitimate
site214.com,legitimate
site1787.com,legitimate
site494.com,legitimate
site709.com,legitimate
site90.com,legitimate
site1187.com,legitimate
site819.com,legitimate
site52.com,legitimate
site112.com,legitimate
site1293.com,legitimate
site195.com,legitimate
site1910.com,legitimate
site467.com,legitimate
site526.com,legitimate
site1578.com,legitimate
site1224.com,legitimate
site1133.com,legitimate
site351.com,legitimate
site1129.com,legitimate
site1146.com,legitimate
site1252.com,legitimate
site883.com,legitimate
site84.com,legitimate
site953.com,legitimate
site682.com,legitimate
site131.com,legitimate
site687.com,legitimate
site1263.com,legitimate
site1061.com,legitimate
site305.com,legitimate
site1058.com,legitimate
site1735.com,legitimate
site1601.com,legitimate
amazon.net,legitimate
site868.com,legitimate
site1473.com,legitimate
site250.com,legitimate
site1648.com,legitimate
site1961.com,legitimate
site442.com,legitimate
site1657.com,legitimate
site1403.com,legitimate
site1888.com,legitimate
site1275.com,legitimate
site1389.com,legitimate
site1904.com,legitimate
site1234.com,legitimate
site1508.com,legitimate
site1392.com,legitimate
site1668.com,legitimate
site1516.com,legitimate
linkedin.org,legitimate
site345.com,legitimate
site747.com,legitimate
site600.com,legitimate
site256.com,legitimate
site1281.com,legitimate
site1000.com,legitimate
site646.com,legitimate
site831.com,legitimate
site1524.com,legitimate
site449.com,legitimate
site294.com,legitimate
site291.com,legitimate
site718.com,legitimate
site254.com,legitimate
site1232.com,legitimate
site1110.com,legitimate
site1391.com,legitimate
site840.com,legitimate
site735.com,legitimate
site1201.com,legitimate
site1999.com,legitimate
site1602.com,legitimate
site180.com,legitimate
site1789.com,legitimate
site1426.com,legitimate
site1680.com,legitimate
site406.com,legitimate
site1398.com,legitimate
amazon.org,legitimate
site562.com,legitimate
site1204.com,legitimate
site229.com,legitimate
paypal.com,legitimate
site277.com,legitimate
site1141.com,legitimate
site1230.com,legitimate
site1404.com,legitimate
site392.com,legitimate
site425.com,legitimate
site397.com,legitimate
site410.com,legitimate
site982.com,legitimate
site154.com,legitimate
site767.com,legitimate
site1623.com,legitimate
site624.com,legitimate
site1547.com,legitimate
site236.com,legitimate
site144.com,legitimate
site1934.com,legitimate
site595.com,legitimate
site2.com,legitimate
linkedin.co,legitimate
site501.com,legitimate
site490.com,legitimate
site505.com,legitimate
site1144.com,legitimate
site647.com,legitimate
site1895.com,legitimate
site999.com,legitimate
site1327.com,legitimate
site1367.com,legitimate
site1450.com,legitimate
site43.com,legitimate
site743.com,legitimate
site1493.com,legitimate
site1347.com,legitimate
site1845.com,legitimate
site1176.com,legitimate
site1445.com,legitimate
site1108.com,legitimate
site1853.com,legitimate
site492.com,legitimate
site1847.com,legitimate
site14.com,legitimate
site1451.com,legitimate
microsoft.org,legitimate
google.org,legitimate
site699.com,legitimate
site217.com,legitimate
site1276.com,legitimate
site1695.com,legitimate
site102.com,legitimate
site1498.com,legitimate
site966.com,legitimate
site472.com,legitimate
site851.com,legitimate
site1186.com,legitimate
site1407.com,legitimate
site1619.com,legitimate
site925.com,legitimate
site23.com,legitimate
site1681.com,legitimate
site1678.com,legitimate
site933.com,legitimate
site282.com,legitimate
